Target,VulnerabilityID,Package,InstalledVersion,FixedVersion,Severity,Title,PrimaryURL,BundlerShadowed,BundlerShadowedDetail
fairdatasystems/sevexternal:2026-09-22 (debian 13.7),CVE-2026-76642,bsdutils,1:2.41.5-0+deb13u1,N/A,HIGH,util-linux: util-linux: failed external mount helper still runs privileged X-mount post-hooks,https://avd.aquasec.com/nvd/cve-2026-76642,"",""
fairdatasystems/sevexternal:2026-09-22 (debian 13.7),CVE-2026-78408,bsdutils,1:2.41.5-0+deb13u1,N/A,HIGH,util-linux: util-linux: nsenter --join-cgroup leaks root cgroup migration authority,https://avd.aquasec.com/nvd/cve-2026-78408,"",""
fairdatasystems/sevexternal:2026-09-22 (debian 13.7),CVE-2026-78409,bsdutils,1:2.41.5-0+deb13u1,N/A,HIGH,util-linux: util-linux: X-mount.subdir detached-tree resolution can escape via intermediate symlinks,https://avd.aquasec.com/nvd/cve-2026-78409,"",""
fairdatasystems/sevexternal:2026-09-22 (debian 13.7),CVE-2026-78410,bsdutils,1:2.41.5-0+deb13u1,N/A,HIGH,"util-linux: util-linux: restricted bind mounts do not pin the source, allowing X-mount.owner/group/mode redirection",https://avd.aquasec.com/nvd/cve-2026-78410,"",""
fairdatasystems/sevexternal:2026-09-22 (debian 13.7),CVE-2026-54369,libacl1,2.3.2-2+b1,N/A,HIGH,acl: Symlink traversal privilege escalation via libacl functions,https://avd.aquasec.com/nvd/cve-2026-54369,"",""
fairdatasystems/sevexternal:2026-09-22 (debian 13.7),CVE-2026-76642,libblkid1,2.41.5-0+deb13u1,N/A,HIGH,util-linux: util-linux: failed external mount helper still runs privileged X-mount post-hooks,https://avd.aquasec.com/nvd/cve-2026-76642,"",""
fairdatasystems/sevexternal:2026-09-22 (debian 13.7),CVE-2026-78408,libblkid1,2.41.5-0+deb13u1,N/A,HIGH,util-linux: util-linux: nsenter --join-cgroup leaks root cgroup migration authority,https://avd.aquasec.com/nvd/cve-2026-78408,"",""
fairdatasystems/sevexternal:2026-09-22 (debian 13.7),CVE-2026-78409,libblkid1,2.41.5-0+deb13u1,N/A,HIGH,util-linux: util-linux: X-mount.subdir detached-tree resolution can escape via intermediate symlinks,https://avd.aquasec.com/nvd/cve-2026-78409,"",""
fairdatasystems/sevexternal:2026-09-22 (debian 13.7),CVE-2026-78410,libblkid1,2.41.5-0+deb13u1,N/A,HIGH,"util-linux: util-linux: restricted bind mounts do not pin the source, allowing X-mount.owner/group/mode redirection",https://avd.aquasec.com/nvd/cve-2026-78410,"",""
fairdatasystems/sevexternal:2026-09-22 (debian 13.7),CVE-2026-76642,liblastlog2-2,2.41.5-0+deb13u1,N/A,HIGH,util-linux: util-linux: failed external mount helper still runs privileged X-mount post-hooks,https://avd.aquasec.com/nvd/cve-2026-76642,"",""
fairdatasystems/sevexternal:2026-09-22 (debian 13.7),CVE-2026-78408,liblastlog2-2,2.41.5-0+deb13u1,N/A,HIGH,util-linux: util-linux: nsenter --join-cgroup leaks root cgroup migration authority,https://avd.aquasec.com/nvd/cve-2026-78408,"",""
fairdatasystems/sevexternal:2026-09-22 (debian 13.7),CVE-2026-78409,liblastlog2-2,2.41.5-0+deb13u1,N/A,HIGH,util-linux: util-linux: X-mount.subdir detached-tree resolution can escape via intermediate symlinks,https://avd.aquasec.com/nvd/cve-2026-78409,"",""
fairdatasystems/sevexternal:2026-09-22 (debian 13.7),CVE-2026-78410,liblastlog2-2,2.41.5-0+deb13u1,N/A,HIGH,"util-linux: util-linux: restricted bind mounts do not pin the source, allowing X-mount.owner/group/mode redirection",https://avd.aquasec.com/nvd/cve-2026-78410,"",""
fairdatasystems/sevexternal:2026-09-22 (debian 13.7),CVE-2026-76642,libmount1,2.41.5-0+deb13u1,N/A,HIGH,util-linux: util-linux: failed external mount helper still runs privileged X-mount post-hooks,https://avd.aquasec.com/nvd/cve-2026-76642,"",""
fairdatasystems/sevexternal:2026-09-22 (debian 13.7),CVE-2026-78408,libmount1,2.41.5-0+deb13u1,N/A,HIGH,util-linux: util-linux: nsenter --join-cgroup leaks root cgroup migration authority,https://avd.aquasec.com/nvd/cve-2026-78408,"",""
fairdatasystems/sevexternal:2026-09-22 (debian 13.7),CVE-2026-78409,libmount1,2.41.5-0+deb13u1,N/A,HIGH,util-linux: util-linux: X-mount.subdir detached-tree resolution can escape via intermediate symlinks,https://avd.aquasec.com/nvd/cve-2026-78409,"",""
fairdatasystems/sevexternal:2026-09-22 (debian 13.7),CVE-2026-78410,libmount1,2.41.5-0+deb13u1,N/A,HIGH,"util-linux: util-linux: restricted bind mounts do not pin the source, allowing X-mount.owner/group/mode redirection",https://avd.aquasec.com/nvd/cve-2026-78410,"",""
fairdatasystems/sevexternal:2026-09-22 (debian 13.7),CVE-2025-69720,libncurses6,6.5+20250216-2,N/A,HIGH,ncurses: ncurses: Buffer overflow vulnerability may lead to arbitrary code execution.,https://avd.aquasec.com/nvd/cve-2025-69720,"",""
fairdatasystems/sevexternal:2026-09-22 (debian 13.7),CVE-2026-9538,libperl5.40,5.40.1-6+deb13u1,N/A,HIGH,perl-Archive-Tar: perl-Archive-Tar: Denial of Service via crafted tar header with large entry size,https://avd.aquasec.com/nvd/cve-2026-9538,"",""
fairdatasystems/sevexternal:2026-09-22 (debian 13.7),CVE-2026-76642,libsmartcols1,2.41.5-0+deb13u1,N/A,HIGH,util-linux: util-linux: failed external mount helper still runs privileged X-mount post-hooks,https://avd.aquasec.com/nvd/cve-2026-76642,"",""
fairdatasystems/sevexternal:2026-09-22 (debian 13.7),CVE-2026-78408,libsmartcols1,2.41.5-0+deb13u1,N/A,HIGH,util-linux: util-linux: nsenter --join-cgroup leaks root cgroup migration authority,https://avd.aquasec.com/nvd/cve-2026-78408,"",""
fairdatasystems/sevexternal:2026-09-22 (debian 13.7),CVE-2026-78409,libsmartcols1,2.41.5-0+deb13u1,N/A,HIGH,util-linux: util-linux: X-mount.subdir detached-tree resolution can escape via intermediate symlinks,https://avd.aquasec.com/nvd/cve-2026-78409,"",""
fairdatasystems/sevexternal:2026-09-22 (debian 13.7),CVE-2026-78410,libsmartcols1,2.41.5-0+deb13u1,N/A,HIGH,"util-linux: util-linux: restricted bind mounts do not pin the source, allowing X-mount.owner/group/mode redirection",https://avd.aquasec.com/nvd/cve-2026-78410,"",""
fairdatasystems/sevexternal:2026-09-22 (debian 13.7),CVE-2026-16742,libsystemd0,257.13-1~deb13u1,N/A,HIGH,systemd: systemd-homed: Local privilege escalation via missing home-record signature verification,https://avd.aquasec.com/nvd/cve-2026-16742,"",""
fairdatasystems/sevexternal:2026-09-22 (debian 13.7),CVE-2025-69720,libtinfo6,6.5+20250216-2,N/A,HIGH,ncurses: ncurses: Buffer overflow vulnerability may lead to arbitrary code execution.,https://avd.aquasec.com/nvd/cve-2025-69720,"",""
fairdatasystems/sevexternal:2026-09-22 (debian 13.7),CVE-2026-16742,libudev1,257.13-1~deb13u1,N/A,HIGH,systemd: systemd-homed: Local privilege escalation via missing home-record signature verification,https://avd.aquasec.com/nvd/cve-2026-16742,"",""
fairdatasystems/sevexternal:2026-09-22 (debian 13.7),CVE-2026-76642,libuuid1,2.41.5-0+deb13u1,N/A,HIGH,util-linux: util-linux: failed external mount helper still runs privileged X-mount post-hooks,https://avd.aquasec.com/nvd/cve-2026-76642,"",""
fairdatasystems/sevexternal:2026-09-22 (debian 13.7),CVE-2026-78408,libuuid1,2.41.5-0+deb13u1,N/A,HIGH,util-linux: util-linux: nsenter --join-cgroup leaks root cgroup migration authority,https://avd.aquasec.com/nvd/cve-2026-78408,"",""
fairdatasystems/sevexternal:2026-09-22 (debian 13.7),CVE-2026-78409,libuuid1,2.41.5-0+deb13u1,N/A,HIGH,util-linux: util-linux: X-mount.subdir detached-tree resolution can escape via intermediate symlinks,https://avd.aquasec.com/nvd/cve-2026-78409,"",""
fairdatasystems/sevexternal:2026-09-22 (debian 13.7),CVE-2026-78410,libuuid1,2.41.5-0+deb13u1,N/A,HIGH,"util-linux: util-linux: restricted bind mounts do not pin the source, allowing X-mount.owner/group/mode redirection",https://avd.aquasec.com/nvd/cve-2026-78410,"",""
fairdatasystems/sevexternal:2026-09-22 (debian 13.7),CVE-2026-43185,linux-libc-dev,6.12.107-1,N/A,CRITICAL,kernel: ksmbd: fix signededness bug in smb_direct_prepare_negotiation(),https://avd.aquasec.com/nvd/cve-2026-43185,"",""
fairdatasystems/sevexternal:2026-09-22 (debian 13.7),CVE-2013-7445,linux-libc-dev,6.12.107-1,N/A,HIGH,kernel: memory exhaustion via crafted Graphics Execution Manager (GEM) objects,https://avd.aquasec.com/nvd/cve-2013-7445,"",""
fairdatasystems/sevexternal:2026-09-22 (debian 13.7),CVE-2019-19449,linux-libc-dev,6.12.107-1,N/A,HIGH,kernel: mounting a crafted f2fs filesystem image can lead to slab-out-of-bounds read access in f2fs_build_segment_manager in fs/f2fs/segment.c,https://avd.aquasec.com/nvd/cve-2019-19449,"",""
fairdatasystems/sevexternal:2026-09-22 (debian 13.7),CVE-2019-19814,linux-libc-dev,6.12.107-1,N/A,HIGH,kernel: out-of-bounds write in __remove_dirty_segment in fs/f2fs/segment.c,https://avd.aquasec.com/nvd/cve-2019-19814,"",""
fairdatasystems/sevexternal:2026-09-22 (debian 13.7),CVE-2021-3847,linux-libc-dev,6.12.107-1,N/A,HIGH,kernel: low-privileged user privileges escalation,https://avd.aquasec.com/nvd/cve-2021-3847,"",""
fairdatasystems/sevexternal:2026-09-22 (debian 13.7),CVE-2021-3864,linux-libc-dev,6.12.107-1,N/A,HIGH,kernel: descendant's dumpable setting with certain SUID binaries,https://avd.aquasec.com/nvd/cve-2021-3864,"",""
fairdatasystems/sevexternal:2026-09-22 (debian 13.7),CVE-2024-21803,linux-libc-dev,6.12.107-1,N/A,HIGH,kernel: bluetooth: use-after-free vulnerability in af_bluetooth.c,https://avd.aquasec.com/nvd/cve-2024-21803,"",""
fairdatasystems/sevexternal:2026-09-22 (debian 13.7),CVE-2024-58015,linux-libc-dev,6.12.107-1,N/A,HIGH,kernel: wifi: ath12k: Fix for out-of bound access error,https://avd.aquasec.com/nvd/cve-2024-58015,"",""
fairdatasystems/sevexternal:2026-09-22 (debian 13.7),CVE-2025-22104,linux-libc-dev,6.12.107-1,N/A,HIGH,kernel: ibmvnic: Use kernel helpers for hex dumps,https://avd.aquasec.com/nvd/cve-2025-22104,"",""
fairdatasystems/sevexternal:2026-09-22 (debian 13.7),CVE-2025-38137,linux-libc-dev,6.12.107-1,N/A,HIGH,kernel: PCI/pwrctrl: Cancel outstanding rescan work when unregistering,https://avd.aquasec.com/nvd/cve-2025-38137,"",""
fairdatasystems/sevexternal:2026-09-22 (debian 13.7),CVE-2025-38187,linux-libc-dev,6.12.107-1,N/A,HIGH,kernel: drm/nouveau: fix a use-after-free in r535_gsp_rpc_push(),https://avd.aquasec.com/nvd/cve-2025-38187,"",""
fairdatasystems/sevexternal:2026-09-22 (debian 13.7),CVE-2025-38204,linux-libc-dev,6.12.107-1,N/A,HIGH,kernel: jfs: fix array-index-out-of-bounds read in add_missing_indices,https://avd.aquasec.com/nvd/cve-2025-38204,"",""
fairdatasystems/sevexternal:2026-09-22 (debian 13.7),CVE-2025-38206,linux-libc-dev,6.12.107-1,N/A,HIGH,kernel: Kernel: Double free vulnerability in exFAT filesystem can lead to denial of service,https://avd.aquasec.com/nvd/cve-2025-38206,"",""
fairdatasystems/sevexternal:2026-09-22 (debian 13.7),CVE-2025-38421,linux-libc-dev,6.12.107-1,N/A,HIGH,kernel: platform/x86/amd: pmf: Use device managed allocations,https://avd.aquasec.com/nvd/cve-2025-38421,"",""
fairdatasystems/sevexternal:2026-09-22 (debian 13.7),CVE-2025-38636,linux-libc-dev,6.12.107-1,N/A,HIGH,kernel: rv: Use strings in da monitors tracepoints,https://avd.aquasec.com/nvd/cve-2025-38636,"",""
fairdatasystems/sevexternal:2026-09-22 (debian 13.7),CVE-2025-39859,linux-libc-dev,6.12.107-1,N/A,HIGH,kernel: ptp: ocp: fix use-after-free bugs causing by ptp_ocp_watchdog,https://avd.aquasec.com/nvd/cve-2025-39859,"",""
fairdatasystems/sevexternal:2026-09-22 (debian 13.7),CVE-2025-39862,linux-libc-dev,6.12.107-1,N/A,HIGH,kernel: wifi: mt76: mt7915: fix list corruption after hardware restart,https://avd.aquasec.com/nvd/cve-2025-39862,"",""
fairdatasystems/sevexternal:2026-09-22 (debian 13.7),CVE-2025-39958,linux-libc-dev,6.12.107-1,N/A,HIGH,kernel: iommu/s390: Make attach succeed when the device was surprise removed,https://avd.aquasec.com/nvd/cve-2025-39958,"",""
fairdatasystems/sevexternal:2026-09-22 (debian 13.7),CVE-2025-40025,linux-libc-dev,6.12.107-1,N/A,HIGH,kernel: f2fs: fix to do sanity check on node footer for non inode dnode,https://avd.aquasec.com/nvd/cve-2025-40025,"",""
fairdatasystems/sevexternal:2026-09-22 (debian 13.7),CVE-2025-68174,linux-libc-dev,6.12.107-1,N/A,HIGH,kernel: Linux kernel AMD KFD: Race condition causes system crash,https://avd.aquasec.com/nvd/cve-2025-68174,"",""
fairdatasystems/sevexternal:2026-09-22 (debian 13.7),CVE-2025-68735,linux-libc-dev,6.12.107-1,N/A,HIGH,kernel: Kernel: Privilege escalation via use-after-free in drm/panthor,https://avd.aquasec.com/nvd/cve-2025-68735,"",""
fairdatasystems/sevexternal:2026-09-22 (debian 13.7),CVE-2026-23102,linux-libc-dev,6.12.107-1,N/A,HIGH,kernel: Linux kernel: Denial of Service due to incorrect SVE context restoration,https://avd.aquasec.com/nvd/cve-2026-23102,"",""
fairdatasystems/sevexternal:2026-09-22 (debian 13.7),CVE-2026-23208,linux-libc-dev,6.12.107-1,N/A,HIGH,kernel: ALSA: usb-audio: Prevent excessive number of frames,https://avd.aquasec.com/nvd/cve-2026-23208,"",""
fairdatasystems/sevexternal:2026-09-22 (debian 13.7),CVE-2026-23327,linux-libc-dev,6.12.107-1,N/A,HIGH,kernel: cxl/mbox: validate payload size before accessing contents in cxl_payload_from_user_allowed(),https://avd.aquasec.com/nvd/cve-2026-23327,"",""
fairdatasystems/sevexternal:2026-09-22 (debian 13.7),CVE-2026-31493,linux-libc-dev,6.12.107-1,N/A,HIGH,kernel: RDMA/efa: Fix use of completion ctx after free,https://avd.aquasec.com/nvd/cve-2026-31493,"",""
fairdatasystems/sevexternal:2026-09-22 (debian 13.7),CVE-2026-31536,linux-libc-dev,6.12.107-1,N/A,HIGH,kernel: smb: server: let send_done handle a completion without IB_SEND_SIGNALED,https://avd.aquasec.com/nvd/cve-2026-31536,"",""
fairdatasystems/sevexternal:2026-09-22 (debian 13.7),CVE-2026-31568,linux-libc-dev,6.12.107-1,N/A,HIGH,kernel: s390/mm: Add missing secure storage access fixups for donated memory,https://avd.aquasec.com/nvd/cve-2026-31568,"",""
fairdatasystems/sevexternal:2026-09-22 (debian 13.7),CVE-2026-43198,linux-libc-dev,6.12.107-1,N/A,HIGH,kernel: tcp: fix potential race in tcp_v6_syn_recv_sock(),https://avd.aquasec.com/nvd/cve-2026-43198,"",""
fairdatasystems/sevexternal:2026-09-22 (debian 13.7),CVE-2026-43263,linux-libc-dev,6.12.107-1,N/A,HIGH,kernel: media: chips-media: wave5: Fix Null reference while testing fluster,https://avd.aquasec.com/nvd/cve-2026-43263,"",""
fairdatasystems/sevexternal:2026-09-22 (debian 13.7),CVE-2026-46130,linux-libc-dev,6.12.107-1,N/A,HIGH,kernel: dm-verity-fec: fix reading parity bytes split across blocks (take 3),https://avd.aquasec.com/nvd/cve-2026-46130,"",""
fairdatasystems/sevexternal:2026-09-22 (debian 13.7),CVE-2026-46181,linux-libc-dev,6.12.107-1,N/A,HIGH,kernel: RDMA/mlx4: Fix mis-use of RCU in mlx4_srq_event(),https://avd.aquasec.com/nvd/cve-2026-46181,"",""
fairdatasystems/sevexternal:2026-09-22 (debian 13.7),CVE-2026-46279,linux-libc-dev,6.12.107-1,N/A,HIGH,kernel: mm/alloc_tag: clear codetag for pages allocated before page_ext initialization,https://avd.aquasec.com/nvd/cve-2026-46279,"",""
fairdatasystems/sevexternal:2026-09-22 (debian 13.7),CVE-2026-52991,linux-libc-dev,6.12.107-1,N/A,HIGH,kernel: sched/psi: fix race between file release and pressure write,https://avd.aquasec.com/nvd/cve-2026-52991,"",""
fairdatasystems/sevexternal:2026-09-22 (debian 13.7),CVE-2026-53000,linux-libc-dev,6.12.107-1,N/A,HIGH,kernel: netfilter: nat: use kfree_rcu to release ops,https://avd.aquasec.com/nvd/cve-2026-53000,"",""
fairdatasystems/sevexternal:2026-09-22 (debian 13.7),CVE-2026-53010,linux-libc-dev,6.12.107-1,N/A,HIGH,kernel: ksmbd: fix use-after-free in smb2_open during durable reconnect,https://avd.aquasec.com/nvd/cve-2026-53010,"",""
fairdatasystems/sevexternal:2026-09-22 (debian 13.7),CVE-2026-53089,linux-libc-dev,6.12.107-1,N/A,HIGH,kernel: bpf: Fix use-after-free in offloaded map/prog info fill,https://avd.aquasec.com/nvd/cve-2026-53089,"",""
fairdatasystems/sevexternal:2026-09-22 (debian 13.7),CVE-2026-53091,linux-libc-dev,6.12.107-1,N/A,HIGH,kernel: net: pull headers in qdisc_pkt_len_segs_init(),https://avd.aquasec.com/nvd/cve-2026-53091,"",""
fairdatasystems/sevexternal:2026-09-22 (debian 13.7),CVE-2026-53109,linux-libc-dev,6.12.107-1,N/A,HIGH,kernel: powerpc/pgtable-frag: Fix bad page state in pte_frag_destroy,https://avd.aquasec.com/nvd/cve-2026-53109,"",""
fairdatasystems/sevexternal:2026-09-22 (debian 13.7),CVE-2026-53118,linux-libc-dev,6.12.107-1,N/A,HIGH,kernel: vdpa: use generic driver_override infrastructure,https://avd.aquasec.com/nvd/cve-2026-53118,"",""
fairdatasystems/sevexternal:2026-09-22 (debian 13.7),CVE-2026-53277,linux-libc-dev,6.12.107-1,N/A,HIGH,kernel: KVM: arm64: Take the SRCU lock for page table walks in fault injection and AT emulation,https://avd.aquasec.com/nvd/cve-2026-53277,"",""
fairdatasystems/sevexternal:2026-09-22 (debian 13.7),CVE-2026-53330,linux-libc-dev,6.12.107-1,N/A,HIGH,kernel: drm/amd/display: Fix out-of-bounds read in dp_get_eq_aux_rd_interval(),https://avd.aquasec.com/nvd/cve-2026-53330,"",""
fairdatasystems/sevexternal:2026-09-22 (debian 13.7),CVE-2026-63879,linux-libc-dev,6.12.107-1,N/A,HIGH,kernel: drm/amdgpu: fix amdgpu_hmm_range_get_pages,https://avd.aquasec.com/nvd/cve-2026-63879,"",""
fairdatasystems/sevexternal:2026-09-22 (debian 13.7),CVE-2026-64283,linux-libc-dev,6.12.107-1,N/A,HIGH,kernel: KVM: guest_memfd: Treat memslot binding offset+size as unsigned values,https://avd.aquasec.com/nvd/cve-2026-64283,"",""
fairdatasystems/sevexternal:2026-09-22 (debian 13.7),CVE-2026-68409,linux-libc-dev,6.12.107-1,N/A,HIGH,kernel: wifi: mac80211: defer link RX stats percpu free to RCU,https://avd.aquasec.com/nvd/cve-2026-68409,"",""
fairdatasystems/sevexternal:2026-09-22 (debian 13.7),CVE-2026-68426,linux-libc-dev,6.12.107-1,N/A,HIGH,kernel: xfrm: fix stale skb->prev after async crypto steals a GSO segment,https://avd.aquasec.com/nvd/cve-2026-68426,"",""
fairdatasystems/sevexternal:2026-09-22 (debian 13.7),CVE-2026-68470,linux-libc-dev,6.12.107-1,N/A,HIGH,kernel: wifi: mac80211: validate extension-frame layout before RX,https://avd.aquasec.com/nvd/cve-2026-68470,"",""
fairdatasystems/sevexternal:2026-09-22 (debian 13.7),CVE-2026-72042,linux-libc-dev,6.12.107-1,N/A,HIGH,kernel: ipmi: Fix user refcount underflow in event delivery,https://avd.aquasec.com/nvd/cve-2026-72042,"",""
fairdatasystems/sevexternal:2026-09-22 (debian 13.7),CVE-2026-72098,linux-libc-dev,6.12.107-1,N/A,HIGH,kernel: dm-verity: fix buffer overflow in FEC calculation,https://avd.aquasec.com/nvd/cve-2026-72098,"",""
fairdatasystems/sevexternal:2026-09-22 (debian 13.7),CVE-2026-72463,linux-libc-dev,6.12.107-1,N/A,HIGH,kernel: xfrm: Fix dev use-after-free in xfrm async resumption,https://avd.aquasec.com/nvd/cve-2026-72463,"",""
fairdatasystems/sevexternal:2026-09-22 (debian 13.7),CVE-2026-74268,linux-libc-dev,6.12.107-1,N/A,HIGH,"In the Linux kernel, the following vulnerability has been resolved:  t ...",https://avd.aquasec.com/nvd/cve-2026-74268,"",""
fairdatasystems/sevexternal:2026-09-22 (debian 13.7),CVE-2026-74269,linux-libc-dev,6.12.107-1,N/A,HIGH,kernel: bnxt: fix head underflow on XDP head-grow,https://avd.aquasec.com/nvd/cve-2026-74269,"",""
fairdatasystems/sevexternal:2026-09-22 (debian 13.7),CVE-2026-74520,linux-libc-dev,6.12.107-1,N/A,HIGH,kernel: iommu/iommufd: Fix IOPF group ownership UAF,https://avd.aquasec.com/nvd/cve-2026-74520,"",""
fairdatasystems/sevexternal:2026-09-22 (debian 13.7),CVE-2026-74611,linux-libc-dev,6.12.107-1,N/A,HIGH,kernel: tls: rx: restore msg_iter before TLS 1.3 optimistic retry,https://avd.aquasec.com/nvd/cve-2026-74611,"",""
fairdatasystems/sevexternal:2026-09-22 (debian 13.7),CVE-2026-74752,linux-libc-dev,6.12.107-1,N/A,HIGH,kernel: sctp: validate cookie AUTH state before use,https://avd.aquasec.com/nvd/cve-2026-74752,"",""
fairdatasystems/sevexternal:2026-09-22 (debian 13.7),CVE-2026-74753,linux-libc-dev,6.12.107-1,N/A,HIGH,kernel: perf: Reject exited events as group leaders,https://avd.aquasec.com/nvd/cve-2026-74753,"",""
fairdatasystems/sevexternal:2026-09-22 (debian 13.7),CVE-2026-80844,linux-libc-dev,6.12.107-1,N/A,HIGH,kernel: xfrm: ah6: validate routing header segments_left,https://avd.aquasec.com/nvd/cve-2026-80844,"",""
fairdatasystems/sevexternal:2026-09-22 (debian 13.7),CVE-2026-80951,linux-libc-dev,6.12.107-1,N/A,HIGH,kernel: i3c: master: svc: bound IBI payload to the requested max_payload_len,https://avd.aquasec.com/nvd/cve-2026-80951,"",""
fairdatasystems/sevexternal:2026-09-22 (debian 13.7),CVE-2026-81000,linux-libc-dev,6.12.107-1,N/A,HIGH,kernel: net: tun: bound receive headroom,https://avd.aquasec.com/nvd/cve-2026-81000,"",""
fairdatasystems/sevexternal:2026-09-22 (debian 13.7),CVE-2026-89479,linux-libc-dev,6.12.107-1,N/A,HIGH,kernel: sctp: stop processing a packet once its association is deleted,https://avd.aquasec.com/nvd/cve-2026-89479,"",""
fairdatasystems/sevexternal:2026-09-22 (debian 13.7),CVE-2026-89480,linux-libc-dev,6.12.107-1,N/A,HIGH,kernel: nvme-tcp: reject a read that transferred too few bytes,https://avd.aquasec.com/nvd/cve-2026-89480,"",""
fairdatasystems/sevexternal:2026-09-22 (debian 13.7),CVE-2026-89481,linux-libc-dev,6.12.107-1,N/A,HIGH,kernel: nvme-tcp: fix host memory disclosure on R2T for a read command,https://avd.aquasec.com/nvd/cve-2026-89481,"",""
fairdatasystems/sevexternal:2026-09-22 (debian 13.7),CVE-2026-89487,linux-libc-dev,6.12.107-1,N/A,HIGH,kernel: openvswitch: only skb_tx_error() a packet we are about to drop,https://avd.aquasec.com/nvd/cve-2026-89487,"",""
fairdatasystems/sevexternal:2026-09-22 (debian 13.7),CVE-2026-89488,linux-libc-dev,6.12.107-1,N/A,HIGH,kernel: openvswitch: Fix CT limit teardown use-after-free,https://avd.aquasec.com/nvd/cve-2026-89488,"",""
fairdatasystems/sevexternal:2026-09-22 (debian 13.7),CVE-2026-89526,linux-libc-dev,6.12.107-1,N/A,HIGH,kernel: svcrdma: Validate Read chunk positions before reconstruction,https://avd.aquasec.com/nvd/cve-2026-89526,"",""
fairdatasystems/sevexternal:2026-09-22 (debian 13.7),CVE-2026-89530,linux-libc-dev,6.12.107-1,N/A,HIGH,kernel: svcrdma: Reject inline replies that overflow the pull-up buffer,https://avd.aquasec.com/nvd/cve-2026-89530,"",""
fairdatasystems/sevexternal:2026-09-22 (debian 13.7),CVE-2026-89536,linux-libc-dev,6.12.107-1,N/A,HIGH,kernel: SUNRPC: wait for in-flight client TLS handshake callback,https://avd.aquasec.com/nvd/cve-2026-89536,"",""
fairdatasystems/sevexternal:2026-09-22 (debian 13.7),CVE-2026-89545,linux-libc-dev,6.12.107-1,N/A,HIGH,kernel: sunrpc: defer rq_argp and rq_resp free until after RCU grace period,https://avd.aquasec.com/nvd/cve-2026-89545,"",""
fairdatasystems/sevexternal:2026-09-22 (debian 13.7),CVE-2026-89563,linux-libc-dev,6.12.107-1,N/A,HIGH,kernel: ip6_tunnel: use skb_cow_head() in ip6_tnl_xmit(),https://avd.aquasec.com/nvd/cve-2026-89563,"",""
fairdatasystems/sevexternal:2026-09-22 (debian 13.7),CVE-2026-89564,linux-libc-dev,6.12.107-1,N/A,HIGH,kernel: ip: orphan prefetched skbs before multicast forwarding,https://avd.aquasec.com/nvd/cve-2026-89564,"",""
fairdatasystems/sevexternal:2026-09-22 (debian 13.7),CVE-2026-89569,linux-libc-dev,6.12.107-1,N/A,HIGH,kernel: Bluetooth: RFCOMM: serialize security confirmation handling,https://avd.aquasec.com/nvd/cve-2026-89569,"",""
fairdatasystems/sevexternal:2026-09-22 (debian 13.7),CVE-2026-89579,linux-libc-dev,6.12.107-1,N/A,HIGH,kernel: bpf: Harden bloom filter sizing and indexing on 32-bit kernels,https://avd.aquasec.com/nvd/cve-2026-89579,"",""
fairdatasystems/sevexternal:2026-09-22 (debian 13.7),CVE-2026-89603,linux-libc-dev,6.12.107-1,N/A,HIGH,kernel: entry: Fix seccomp bypass after ptrace with TSYNC,https://avd.aquasec.com/nvd/cve-2026-89603,"",""
fairdatasystems/sevexternal:2026-09-22 (debian 13.7),CVE-2026-89607,linux-libc-dev,6.12.107-1,N/A,HIGH,kernel: ecryptfs: reject oversized encrypted_key_size in parse_tag_3_packet,https://avd.aquasec.com/nvd/cve-2026-89607,"",""
fairdatasystems/sevexternal:2026-09-22 (debian 13.7),CVE-2026-89631,linux-libc-dev,6.12.107-1,N/A,HIGH,kernel: smb: client: reject a tree connect response whose byte count is too small,https://avd.aquasec.com/nvd/cve-2026-89631,"",""
fairdatasystems/sevexternal:2026-09-22 (debian 13.7),CVE-2026-89633,linux-libc-dev,6.12.107-1,N/A,HIGH,kernel: smb: client: fix OOB read/write from unvalidated DataOffset in coalesce_t2(),https://avd.aquasec.com/nvd/cve-2026-89633,"",""
fairdatasystems/sevexternal:2026-09-22 (debian 13.7),CVE-2026-89638,linux-libc-dev,6.12.107-1,N/A,HIGH,kernel: smb: client: clear setuid/setgid bit on write with cifsacl/modefromsid/posix extensions,https://avd.aquasec.com/nvd/cve-2026-89638,"",""
fairdatasystems/sevexternal:2026-09-22 (debian 13.7),CVE-2026-89652,linux-libc-dev,6.12.107-1,N/A,HIGH,kernel: ceph: bound copied dentry name length in NFS export get_name,https://avd.aquasec.com/nvd/cve-2026-89652,"",""
fairdatasystems/sevexternal:2026-09-22 (debian 13.7),CVE-2026-89653,linux-libc-dev,6.12.107-1,N/A,HIGH,kernel: ceph: reject export_targets ranks >= CEPH_MAX_MDS in mdsmap decode,https://avd.aquasec.com/nvd/cve-2026-89653,"",""
fairdatasystems/sevexternal:2026-09-22 (debian 13.7),CVE-2026-89656,linux-libc-dev,6.12.107-1,N/A,HIGH,kernel: libceph: reject buckets with mismatched CRUSH ids,https://avd.aquasec.com/nvd/cve-2026-89656,"",""
fairdatasystems/sevexternal:2026-09-22 (debian 13.7),CVE-2026-89659,linux-libc-dev,6.12.107-1,N/A,HIGH,kernel: NFSD: Prevent client use-after-free during delegation revoke,https://avd.aquasec.com/nvd/cve-2026-89659,"",""
fairdatasystems/sevexternal:2026-09-22 (debian 13.7),CVE-2026-89663,linux-libc-dev,6.12.107-1,N/A,HIGH,kernel: nfsd: revoke copy-notify stateids before dropping their reference,https://avd.aquasec.com/nvd/cve-2026-89663,"",""
fairdatasystems/sevexternal:2026-09-22 (debian 13.7),CVE-2026-89669,linux-libc-dev,6.12.107-1,N/A,HIGH,kernel: nfsd: initialize copy-notify stateid before publishing it,https://avd.aquasec.com/nvd/cve-2026-89669,"",""
fairdatasystems/sevexternal:2026-09-22 (debian 13.7),CVE-2026-89675,linux-libc-dev,6.12.107-1,N/A,HIGH,kernel: nfsd: fix UAF in async copy cancel and shutdown,https://avd.aquasec.com/nvd/cve-2026-89675,"",""
fairdatasystems/sevexternal:2026-09-22 (debian 13.7),CVE-2026-89676,linux-libc-dev,6.12.107-1,N/A,HIGH,kernel: nfsd: fix stale s2s_cp_stateids IDR entry for async COPY,https://avd.aquasec.com/nvd/cve-2026-89676,"",""
fairdatasystems/sevexternal:2026-09-22 (debian 13.7),CVE-2026-89690,linux-libc-dev,6.12.107-1,N/A,HIGH,kernel: nfsd: defer vfree of compound ops to fix rpc_status UAF,https://avd.aquasec.com/nvd/cve-2026-89690,"",""
fairdatasystems/sevexternal:2026-09-22 (debian 13.7),CVE-2026-89708,linux-libc-dev,6.12.107-1,N/A,HIGH,kernel: nfsd: RCU-protect cl_cb_session to fix use-after-free on session teardown,https://avd.aquasec.com/nvd/cve-2026-89708,"",""
fairdatasystems/sevexternal:2026-09-22 (debian 13.7),CVE-2026-89713,linux-libc-dev,6.12.107-1,N/A,HIGH,kernel: NFSD: check truncate permission under inode lock,https://avd.aquasec.com/nvd/cve-2026-89713,"",""
fairdatasystems/sevexternal:2026-09-22 (debian 13.7),CVE-2026-76642,login,1:4.16.0-2+really2.41.5-0+deb13u1,N/A,HIGH,util-linux: util-linux: failed external mount helper still runs privileged X-mount post-hooks,https://avd.aquasec.com/nvd/cve-2026-76642,"",""
fairdatasystems/sevexternal:2026-09-22 (debian 13.7),CVE-2026-78408,login,1:4.16.0-2+really2.41.5-0+deb13u1,N/A,HIGH,util-linux: util-linux: nsenter --join-cgroup leaks root cgroup migration authority,https://avd.aquasec.com/nvd/cve-2026-78408,"",""
fairdatasystems/sevexternal:2026-09-22 (debian 13.7),CVE-2026-78409,login,1:4.16.0-2+really2.41.5-0+deb13u1,N/A,HIGH,util-linux: util-linux: X-mount.subdir detached-tree resolution can escape via intermediate symlinks,https://avd.aquasec.com/nvd/cve-2026-78409,"",""
fairdatasystems/sevexternal:2026-09-22 (debian 13.7),CVE-2026-78410,login,1:4.16.0-2+really2.41.5-0+deb13u1,N/A,HIGH,"util-linux: util-linux: restricted bind mounts do not pin the source, allowing X-mount.owner/group/mode redirection",https://avd.aquasec.com/nvd/cve-2026-78410,"",""
fairdatasystems/sevexternal:2026-09-22 (debian 13.7),CVE-2026-76642,mount,2.41.5-0+deb13u1,N/A,HIGH,util-linux: util-linux: failed external mount helper still runs privileged X-mount post-hooks,https://avd.aquasec.com/nvd/cve-2026-76642,"",""
fairdatasystems/sevexternal:2026-09-22 (debian 13.7),CVE-2026-78408,mount,2.41.5-0+deb13u1,N/A,HIGH,util-linux: util-linux: nsenter --join-cgroup leaks root cgroup migration authority,https://avd.aquasec.com/nvd/cve-2026-78408,"",""
fairdatasystems/sevexternal:2026-09-22 (debian 13.7),CVE-2026-78409,mount,2.41.5-0+deb13u1,N/A,HIGH,util-linux: util-linux: X-mount.subdir detached-tree resolution can escape via intermediate symlinks,https://avd.aquasec.com/nvd/cve-2026-78409,"",""
fairdatasystems/sevexternal:2026-09-22 (debian 13.7),CVE-2026-78410,mount,2.41.5-0+deb13u1,N/A,HIGH,"util-linux: util-linux: restricted bind mounts do not pin the source, allowing X-mount.owner/group/mode redirection",https://avd.aquasec.com/nvd/cve-2026-78410,"",""
fairdatasystems/sevexternal:2026-09-22 (debian 13.7),CVE-2025-69720,ncurses-base,6.5+20250216-2,N/A,HIGH,ncurses: ncurses: Buffer overflow vulnerability may lead to arbitrary code execution.,https://avd.aquasec.com/nvd/cve-2025-69720,"",""
fairdatasystems/sevexternal:2026-09-22 (debian 13.7),CVE-2025-69720,ncurses-bin,6.5+20250216-2,N/A,HIGH,ncurses: ncurses: Buffer overflow vulnerability may lead to arbitrary code execution.,https://avd.aquasec.com/nvd/cve-2025-69720,"",""
fairdatasystems/sevexternal:2026-09-22 (debian 13.7),CVE-2026-9538,perl,5.40.1-6+deb13u1,N/A,HIGH,perl-Archive-Tar: perl-Archive-Tar: Denial of Service via crafted tar header with large entry size,https://avd.aquasec.com/nvd/cve-2026-9538,"",""
fairdatasystems/sevexternal:2026-09-22 (debian 13.7),CVE-2026-9538,perl-base,5.40.1-6+deb13u1,N/A,HIGH,perl-Archive-Tar: perl-Archive-Tar: Denial of Service via crafted tar header with large entry size,https://avd.aquasec.com/nvd/cve-2026-9538,"",""
fairdatasystems/sevexternal:2026-09-22 (debian 13.7),CVE-2026-9538,perl-modules-5.40,5.40.1-6+deb13u1,N/A,HIGH,perl-Archive-Tar: perl-Archive-Tar: Denial of Service via crafted tar header with large entry size,https://avd.aquasec.com/nvd/cve-2026-9538,"",""
fairdatasystems/sevexternal:2026-09-22 (debian 13.7),CVE-2026-76642,util-linux,2.41.5-0+deb13u1,N/A,HIGH,util-linux: util-linux: failed external mount helper still runs privileged X-mount post-hooks,https://avd.aquasec.com/nvd/cve-2026-76642,"",""
fairdatasystems/sevexternal:2026-09-22 (debian 13.7),CVE-2026-78408,util-linux,2.41.5-0+deb13u1,N/A,HIGH,util-linux: util-linux: nsenter --join-cgroup leaks root cgroup migration authority,https://avd.aquasec.com/nvd/cve-2026-78408,"",""
fairdatasystems/sevexternal:2026-09-22 (debian 13.7),CVE-2026-78409,util-linux,2.41.5-0+deb13u1,N/A,HIGH,util-linux: util-linux: X-mount.subdir detached-tree resolution can escape via intermediate symlinks,https://avd.aquasec.com/nvd/cve-2026-78409,"",""
fairdatasystems/sevexternal:2026-09-22 (debian 13.7),CVE-2026-78410,util-linux,2.41.5-0+deb13u1,N/A,HIGH,"util-linux: util-linux: restricted bind mounts do not pin the source, allowing X-mount.owner/group/mode redirection",https://avd.aquasec.com/nvd/cve-2026-78410,"",""
Ruby,CVE-2026-41316,erb,4.0.2,"~> 4.0.3.1, ~> 4.0.4.1, ~> 6.0.1.1, >= 6.0.4",HIGH,erb: ERB: Arbitrary code execution via deserialization bypass,https://avd.aquasec.com/nvd/cve-2026-41316,yes,"bundle exec loads erb 6.0.7 (Gemfile-pinned); the flagged 4.0.2 is a stale copy on disk, never loaded at runtime"
Ruby,CVE-2026-80212,resolv,0.2.3,"~> 0.3.2, >= 0.7.2",HIGH,resolv: resolv gem: Denial of Service via uncontrolled memory growth from crafted DNS responses,https://avd.aquasec.com/nvd/cve-2026-80212,yes,"bundle exec loads resolv 0.8.0 (Gemfile-pinned); the flagged 0.2.3 is a stale copy on disk, never loaded at runtime"
